shipment_id,origin,transit_hours,avg_temp_c,humidity_pct,category,is_spoiled
SHP_1000,Warehouse A,29.96056983613479,,80.25966679962728,Fruits,0
SHP_1001,Distribution Node 1,10.657438583436955,2.95670655406815,48.57969861849114,Meat,0
SHP_1002,Farm C,42.9505537860887,9.069738916611636,41.13214718626914,Vegetables,1
SHP_1003,Farm C,17.02946239171782,3.899320771287409,50.087248041938864,Fruits,0
SHP_1004,Warehouse A,26.903547258792408,-3.7398407339733932,63.75697602531636,Meat,0
SHP_1005,Port B,33.79734097141593,-0.0955039904634436,47.6721623358623,Dairy,0
SHP_1006,Warehouse A,13.103711093745469,-2.2369111040058742,65.08384913193697,Seafood,0
SHP_1007,Warehouse A,16.44630046890899,8.390881867650434,68.28289411274864,Vegetables,1
SHP_1008,Warehouse A,17.467407305697808,6.443690358839464,73.41496685457912,Vegetables,0
SHP_1009,Warehouse A,16.79695379872906,4.8423194631399165,45.37196627035111,Seafood,0
SHP_1010,Port B,16.77952065324724,13.409112738035752,46.71210291646283,Fruits,1
SHP_1011,Farm C,17.596214353890158,5.977888550719495,90.01262211433301,Vegetables,0
SHP_1012,Farm C,33.870538945238266,-1.6625309499130667,57.1441091849176,Meat,0
SHP_1013,Warehouse A,57.339756498629285,10.77455889712927,50.16699505390399,Fruits,1
SHP_1014,Farm C,32.86159895994493,6.685473124759882,44.86708761285557,Fruits,0
SHP_1015,Distribution Node 1,11.890975885618708,-0.33317685414754994,54.924196747564274,Vegetables,0
SHP_1016,Port B,18.47233474848255,10.228488904875663,55.45139803280594,Vegetables,1
SHP_1017,Distribution Node 1,10.433372343821198,6.537715530512088,84.12083394147218,Fruits,0
SHP_1018,Port B,15.876935996328495,3.8350288665226038,40.30371644179813,Seafood,0
SHP_1019,Port B,30.98547353655647,4.663245378780072,80.0953942422543,Meat,0
SHP_1020,Port B,13.929389721328338,1.0723628724463563,87.47068842315764,Meat,0
SHP_1021,Warehouse A,5.902160525430208,5.298940927354462,43.4957092657313,Seafood,1
SHP_1022,Warehouse A,10.723980311927662,-1.5886198722420124,80.12833980859352,Seafood,0
SHP_1023,Farm C,34.01754503076514,2.889684152986912,65.97182088390721,Seafood,0
SHP_1024,Warehouse A,28.33963230057161,0.06464073618462729,81.84317767392936,Meat,0
SHP_1025,Port B,41.945211034601684,3.0145437559799593,67.15875780004149,Seafood,0
SHP_1026,Port B,-7.436941249076931,9.287610017500896,41.39805197092524,Dairy,0
SHP_1027,Farm C,6.9749944969031645,5.127474852018263,67.97138801405865,Seafood,1
SHP_1028,Farm C,21.363937345949857,7.428450286046986,62.57106076695963,Dairy,0
SHP_1029,Distribution Node 1,14.528900055624959,8.974845135084907,44.23389504058361,Dairy,1
SHP_1030,Farm C,14.298076765281749,0.49472886924639026,91.13337087884152,Seafood,0
SHP_1031,Warehouse A,30.01737997829766,5.474559958796084,87.93033246032448,Seafood,1
SHP_1032,Port B,17.642877554795533,8.053069732453425,89.09074491694878,Vegetables,1
SHP_1033,Warehouse A,40.46234560259732,6.702213175819331,89.28502149579214,Fruits,1
SHP_1034,Distribution Node 1,15.575362873471772,4.689351413608927,52.53643393980679,Vegetables,0
SHP_1035,Warehouse A,39.28480344167467,1.1241419875231398,87.3401820790989,Seafood,0
SHP_1036,Warehouse A,24.061361479709532,1.2962385998745591,62.95760517318284,Seafood,0
SHP_1037,Farm C,19.25380258103648,1.132589430590174,58.56883442719953,Seafood,0
SHP_1038,Distribution Node 1,22.06457146000789,3.212152570443615,68.53348419588514,Meat,0
SHP_1039,Distribution Node 1,12.683318298392852,6.211876215977881,93.44801454965284,Meat,1
SHP_1040,Warehouse A,0.9747454164115013,5.893944498203132,55.66622719076072,Vegetables,0
SHP_1041,Farm C,25.228172190596002,0.7021721583559604,67.64734627758739,Meat,0
SHP_1042,Farm C,21.69166842262653,2.9046420270008375,47.96921796501727,Seafood,0
SHP_1043,Warehouse A,28.077851570239723,5.970479400221708,53.31303993313252,Fruits,0
SHP_1044,Warehouse A,37.71387377418024,9.007732130747097,53.07006491958198,Fruits,1
SHP_1045,Distribution Node 1,14.378065879803675,6.152047156798035,74.77682068264687,Meat,1
SHP_1046,Port B,31.042285125603243,8.571366877429936,44.965937352992455,Meat,1
SHP_1047,Distribution Node 1,18.078810213560082,9.692650433367811,50.258518071991986,Fruits,1
SHP_1048,Port B,25.195816381051696,3.986097383535203,77.26603990132554,Dairy,0
SHP_1049,Port B,24.109732148881648,4.53784281266983,52.45726763588659,Dairy,0
SHP_1050,Warehouse A,11.252355435286741,3.420777291905545,78.00157559563563,Seafood,0
SHP_1051,Warehouse A,31.44657859154082,5.356250492547747,47.56365192802963,Dairy,0
SHP_1052,Port B,14.600960491965155,4.711753935177297,90.85814900532095,Dairy,0
SHP_1053,Warehouse A,19.71905969078167,8.224487194135861,76.29912253187985,Dairy,1
SHP_1054,Distribution Node 1,26.729519215249553,11.228571017129713,69.13078180958036,Dairy,1
SHP_1055,Farm C,20.106108506053282,5.17653313161798,89.34686668743296,Dairy,0
SHP_1056,Port B,27.118593530981084,9.127291487109241,58.64663850767854,Dairy,1
SHP_1057,Distribution Node 1,39.59276177117385,2.531415375801787,89.34106429739174,Vegetables,0
SHP_1058,Farm C,27.005914204150518,7.3857928379879025,75.31174053848582,Dairy,0
SHP_1059,Farm C,26.715459233986497,9.389605730306556,40.50583783891463,Vegetables,1
SHP_1060,Farm C,27.516869679584175,3.1425943278945287,40.27838711154203,Dairy,0
SHP_1061,Warehouse A,26.097996143897657,-1.6505646770777171,78.05423587309812,Meat,0
SHP_1062,Warehouse A,9.704358033568216,3.969660825901489,79.16985717411447,Seafood,0
SHP_1063,Farm C,14.98584690403286,1.4782877875178793,81.05702728149133,Dairy,0
SHP_1064,Farm C,35.56051355093186,7.6511237077459935,76.1687090765189,Fruits,0
SHP_1065,Farm C,13.588306920247504,6.583447409713238,60.224369168268844,Vegetables,0
SHP_1066,Warehouse A,13.32582684449372,2.736758860138247,93.51558051138451,Fruits,0
SHP_1067,Farm C,34.54408257829075,5.041621967224762,74.71262442984946,Fruits,0
SHP_1068,Warehouse A,24.156022702534884,11.814136308629267,71.72971365444975,Dairy,1
SHP_1069,Warehouse A,7.123136793821416,1.8964110317155747,79.73486633938279,Meat,0
SHP_1070,Warehouse A,11.149290023266651,3.447417245729556,91.72522213941028,Seafood,0
SHP_1071,Port B,22.510411333420084,4.221022453843215,93.16601504740183,Seafood,0
SHP_1072,Port B,13.83847538317914,-2.5445416740575943,86.81251693342713,Meat,0
SHP_1073,Farm C,12.887440569462264,3.9481387294575128,70.62406943520926,Vegetables,0
SHP_1074,Distribution Node 1,26.078171110214186,7.541269518915347,71.35336435491507,Fruits,0
SHP_1075,Port B,26.771444675341595,2.7642524344385553,94.45296175573448,Vegetables,0
SHP_1076,Farm C,24.698504621351997,-1.428910893491869,88.25551895603755,Meat,0
SHP_1077,Distribution Node 1,34.469365891925435,,78.63662461929101,Fruits,1
SHP_1078,Farm C,7.467967584514909,-0.8134751197453682,84.51486355131826,Meat,0
SHP_1079,Farm C,27.65338943845023,7.028829963920427,90.22823039060592,Vegetables,0
SHP_1080,Farm C,30.180572235672575,21.410925962618883,83.90623484317263,Fruits,1
SHP_1081,Distribution Node 1,39.970575935665025,9.952810442016446,83.76859681898556,Dairy,1
SHP_1082,Farm C,20.21676906431585,9.03587688197307,60.65706239519692,Fruits,1
SHP_1083,Distribution Node 1,25.98027357731206,2.576284328682527,41.976825058820815,Fruits,0
SHP_1084,Distribution Node 1,51.77590280008211,-1.4690607703669922,55.75976886705564,Vegetables,0
SHP_1085,Warehouse A,19.0256183353213,6.320794850163258,42.054150381206796,Vegetables,0
SHP_1086,Distribution Node 1,18.3368176105268,10.355802387869463,46.98832819585366,Vegetables,1
SHP_1087,Distribution Node 1,42.72456169359455,6.514204000284325,51.870156512326375,Vegetables,1
SHP_1088,Port B,15.235600419394359,6.865834358327899,42.842494664273424,Fruits,0
SHP_1089,Farm C,52.66843148870955,13.373655033282134,75.05864458240137,Dairy,0
SHP_1090,Warehouse A,-0.30171103989128767,6.745817259077711,83.73524071227871,Fruits,0
SHP_1091,Port B,18.666015069369806,-0.6765294363621273,44.31510097382463,Vegetables,0
SHP_1092,Farm C,30.059847347765484,9.463020776680485,62.49241194278484,Vegetables,1
SHP_1093,Warehouse A,19.989034906195588,1.0464592804682498,53.763359399052746,Seafood,0
SHP_1094,Farm C,45.185450883373164,7.619926843843822,76.31085571947523,Fruits,1
SHP_1095,Distribution Node 1,28.52755518552491,6.95405295943847,73.64464104288938,Seafood,1
SHP_1096,Farm C,5.767560408551837,4.063063708534995,59.578497325819384,Dairy,0
SHP_1097,Farm C,21.151296465519973,7.616017041416913,45.38087883580508,Meat,1
SHP_1098,Port B,-14.895208080828873,-1.0731629240028697,49.526102845050836,Seafood,0
SHP_1099,Distribution Node 1,0.060461141308209676,-1.9005785247803195,73.8717553928719,Seafood,0
SHP_1100,Warehouse A,18.719466159636195,2.392221731858274,60.603693804455915,Seafood,0
SHP_1101,Distribution Node 1,24.70210682768213,9.043990785350967,87.10694126535773,Seafood,1
SHP_1102,Distribution Node 1,12.221896187424589,3.386310422789812,43.88128110702364,Seafood,0
SHP_1103,Farm C,21.570509690021385,6.2435864284686415,72.21765697004048,Vegetables,0
SHP_1104,Warehouse A,25.362208143014975,,61.349345941358706,Dairy,1
SHP_1105,Port B,16.618395866744034,14.445270566465007,70.00892341237642,Vegetables,1
SHP_1106,Farm C,22.178578859573,8.353268825938306,92.86548101031528,Vegetables,1
SHP_1107,Farm C,18.162806807371673,2.6227947838571595,57.54365966615687,Meat,0
SHP_1108,Port B,16.927622916669463,9.398408388084098,46.49906551919109,Vegetables,1
SHP_1109,Distribution Node 1,35.424133126160335,11.810200989849484,88.26096074398791,Vegetables,1
SHP_1110,Port B,33.75434542606752,8.518515367694448,55.51190149142185,Fruits,1
SHP_1111,Port B,30.620844125580895,3.1594881682900646,84.37591065969951,Fruits,0
SHP_1112,Distribution Node 1,23.749180872430223,2.351982149926346,60.460994718603075,Seafood,0
SHP_1113,Distribution Node 1,15.969567261825443,10.647749270987099,91.19165290819606,Fruits,0
SHP_1114,Port B,21.387825561273356,10.39510740794876,81.29790872853235,Fruits,1
SHP_1115,Farm C,19.10501576674445,2.784869167917399,89.64040986737616,Seafood,0
SHP_1116,Port B,39.665745685851945,6.084015366531037,57.602728056683645,Fruits,1
SHP_1117,Distribution Node 1,21.129302425562937,4.561924133203568,40.59607083141641,Meat,1
SHP_1118,Farm C,27.889996229861303,1.6095708368969461,92.28339308156558,Meat,0
SHP_1119,Distribution Node 1,46.947811678079646,10.260908330187672,64.66450370880759,Dairy,1
SHP_1120,Warehouse A,11.927791422003576,1.1432455488490714,76.98851508423712,Vegetables,0
SHP_1121,Distribution Node 1,33.248139954277335,8.668224413879166,83.42899785370047,Fruits,1
SHP_1122,Warehouse A,23.853038725837024,2.410982514056674,43.16573180091544,Vegetables,0
SHP_1123,Warehouse A,-1.0802129835633565,13.081726066266874,88.82373005170649,Fruits,0
SHP_1124,Distribution Node 1,14.094033638489861,4.714456633388027,47.86454251290597,Vegetables,1
SHP_1125,Port B,31.366096097705093,6.073642364299964,45.561747186753465,Seafood,1
SHP_1126,Port B,26.939598853304673,3.972227298515481,44.001965350030645,Fruits,1
SHP_1127,Warehouse A,30.70931043137433,9.490166365721917,44.47418293530448,Vegetables,1
SHP_1128,Distribution Node 1,6.622987902032111,-2.2223913231296653,84.70397619916264,Seafood,0
SHP_1129,Distribution Node 1,16.029270680346926,11.440445464992685,44.59253941842678,Dairy,1
SHP_1130,Warehouse A,27.730890787176055,11.901424867798209,63.3322105085837,Dairy,1
SHP_1131,Farm C,20.372109095084305,5.9817486840388145,65.77633530967694,Fruits,0
SHP_1132,Distribution Node 1,27.872622724057074,-0.4816928306569688,81.03246835959828,Meat,0
SHP_1133,Warehouse A,29.912237805604864,2.2666190183952306,60.617881873803725,Meat,0
SHP_1134,Distribution Node 1,32.281727900533355,0.7963385843424913,52.2977711185699,Seafood,0
SHP_1135,Farm C,24.835831974226547,9.93401722543386,94.61306378656153,Dairy,1
SHP_1136,Warehouse A,25.17211318258598,-0.31902935156639955,93.31163945905044,Seafood,0
SHP_1137,Farm C,51.30913557080644,3.218680055149785,78.26617789415394,Seafood,0
SHP_1138,Port B,49.838189490138674,-0.3020426886641485,72.13728715577051,Seafood,0
SHP_1139,Distribution Node 1,22.66881677244588,9.90523650592441,74.10729287908453,Fruits,1
SHP_1140,Port B,13.923337893830688,0.20182206366793354,65.50341227169902,Meat,1
SHP_1141,Port B,36.39120484821572,-1.2405252999840641,44.275405033074165,Fruits,0
SHP_1142,Port B,28.101071709325915,7.628512517647659,57.02401889574803,Meat,1
SHP_1143,Farm C,30.856170123921455,9.882095280052843,48.943931663969025,Dairy,1
SHP_1144,Farm C,8.157201515752295,,91.30006658447073,Vegetables,0
SHP_1145,Port B,23.116666610497123,1.1533364330383673,84.5804331930008,Meat,0
SHP_1146,Port B,3.442385650909472,6.061617122496239,93.34529187980317,Seafood,0
SHP_1147,Warehouse A,27.307621894648893,7.114892139882644,65.77812378872336,Vegetables,1
SHP_1148,Warehouse A,4.866868094467595,3.6024999081849085,43.10065231580099,Fruits,0
SHP_1149,Port B,27.112671707996327,2.907044870994928,94.98447203073718,Seafood,0
SHP_1150,Port B,24.062924396618197,6.187922375058968,82.29430783492808,Dairy,0
SHP_1151,Port B,20.243715501402715,-2.7973704176124476,47.10376783333223,Meat,0
SHP_1152,Port B,25.443547580542788,8.057755336234996,52.57535430269045,Fruits,1
SHP_1153,Farm C,36.725361769325616,12.16548398767273,59.69894949180623,Dairy,1
SHP_1154,Farm C,27.9877681437551,-0.24545960966966085,68.61692354970863,Meat,0
SHP_1155,Distribution Node 1,25.378337618566746,6.653788564198913,86.8699825175197,Meat,1
SHP_1156,Port B,48.728975098583845,13.021363369772818,88.21594814620897,Dairy,1
SHP_1157,Warehouse A,11.755401032854142,1.1927166862131489,41.58304719723365,Seafood,0
SHP_1158,Distribution Node 1,31.74451139502177,6.105894672597046,78.7243872454573,Meat,1
SHP_1159,Port B,18.796196078737836,0.973074084126802,40.799956611733506,Seafood,0
SHP_1160,Farm C,36.70109384219505,-3.2762184592693426,61.57342248048528,Seafood,0
SHP_1161,Distribution Node 1,34.63276272295384,5.451688715832589,59.15405068628152,Dairy,0
SHP_1162,Distribution Node 1,42.02828462515234,6.2963791216791005,61.80985302766986,Dairy,1
SHP_1163,Farm C,35.77856852076097,2.992101671191796,92.2236343011703,Meat,0
SHP_1164,Warehouse A,3.5594107277381433,5.777809204413525,65.25246659310437,Fruits,0
SHP_1165,Warehouse A,23.92561032391353,3.2093579812567317,58.081338565812956,Seafood,0
SHP_1166,Farm C,8.346365993941761,,44.17248304597651,Meat,0
SHP_1167,Farm C,10.784977141834657,7.950693099693175,59.01170058281248,Dairy,0
SHP_1168,Farm C,23.247850832721937,4.865426961503715,76.71567561865649,Meat,0
SHP_1169,Distribution Node 1,18.639798351711995,4.097314608125591,42.24777389465634,Fruits,0
SHP_1170,Farm C,17.63690857953071,-0.3786184967870323,49.73557663522108,Meat,0
SHP_1171,Distribution Node 1,6.790933569209713,5.233868704346829,60.03484235764415,Dairy,0
SHP_1172,Warehouse A,47.57670159499667,2.105790655915186,42.16216769126044,Meat,0
SHP_1173,Warehouse A,30.17506788828647,10.8185402903033,44.49674675718796,Vegetables,1
SHP_1174,Farm C,22.65206340371004,1.337091201400331,84.34107038861838,Seafood,0
SHP_1175,Warehouse A,15.163053932908245,3.7385132046495624,51.51421278351907,Seafood,0
SHP_1176,Port B,20.69937963418027,-3.2076846589423393,74.00401243416627,Fruits,0
SHP_1177,Port B,16.481709807737474,-4.576390168725936,81.11090159735662,Seafood,0
SHP_1178,Farm C,30.918683556669198,2.9337504636306084,68.14225931636165,Meat,0
SHP_1179,Port B,12.332777427311141,6.317929807270154,64.60768017529,Vegetables,0
SHP_1180,Farm C,4.72264415690913,2.610390907601669,54.80837770221595,Seafood,0
SHP_1181,Port B,21.757138529275093,5.808836490505848,57.714354107074804,Vegetables,0
SHP_1182,Farm C,16.24112538908968,1.6738079855424202,46.58691725005882,Fruits,0
SHP_1183,Warehouse A,26.618672790373154,4.731692367113242,77.35062755294692,Seafood,1
SHP_1184,Port B,23.904328304200593,6.439832416670077,44.7806158448083,Meat,1
SHP_1185,Distribution Node 1,52.491952841908656,10.058130770749191,80.99917108013815,Fruits,1
SHP_1186,Farm C,11.553046148082522,5.238645287665567,55.607674818929844,Dairy,0
SHP_1187,Warehouse A,40.74878323114277,0.7614028399524067,71.39280675679015,Vegetables,0
SHP_1188,Distribution Node 1,7.217189114170306,3.6889077100717125,45.598035994122206,Meat,0
SHP_1189,Farm C,18.502681166023482,0.12202120923679916,48.837475529275565,Seafood,0
SHP_1190,Warehouse A,16.89127290913357,-0.591972309039448,49.535547741211516,Seafood,0
SHP_1191,Port B,-6.033114259946586,4.053926604665506,94.03082392997335,Meat,0
SHP_1192,Port B,21.132623437603083,2.3697453518336085,93.32087383014529,Vegetables,0
SHP_1193,Warehouse A,26.84789261711692,7.094309612554513,54.18465548747169,Fruits,0
SHP_1194,Farm C,30.011006251492567,-0.9326657343956533,91.11567940201722,Seafood,0
SHP_1195,Port B,48.51984587618767,12.478448621749244,55.39885015131563,Fruits,1
SHP_1196,Warehouse A,16.04851489264984,8.282394674372638,57.802358002233404,Vegetables,1
SHP_1197,Port B,27.357088197440508,-6.222864533379106,53.33253528282941,Seafood,0
SHP_1198,Port B,27.116670020657782,2.3827334995823657,55.87468042821406,Fruits,0
SHP_1199,Farm C,10.330299256921409,7.070970662813045,66.46270560201496,Dairy,0
SHP_1200,Distribution Node 1,16.17796670637409,2.142196013949242,58.51323530066563,Meat,0
SHP_1201,Warehouse A,16.776375853243387,4.280753283906082,77.48264972231611,Seafood,0
SHP_1202,Port B,30.357650134983395,6.324705861973701,65.9366903702587,Seafood,1
SHP_1203,Farm C,2.757081739897295,-1.0978872071028842,91.12410293363041,Seafood,0
SHP_1204,Distribution Node 1,28.453750480455707,3.5840592531367177,91.60872512515708,Vegetables,0
SHP_1205,Port B,29.85652895254499,6.7404022852256045,86.30058272170496,Seafood,1
SHP_1206,Warehouse A,28.051231944902426,0.7643691016325977,51.08950260262595,Meat,0
SHP_1207,Port B,20.17825787219593,4.723771915734628,84.80160961272603,Dairy,0
SHP_1208,Distribution Node 1,27.477298282756955,14.301603194581755,59.73567662679264,Vegetables,1
SHP_1209,Warehouse A,20.757560175869543,9.790467750645636,84.91296917093675,Vegetables,1
SHP_1210,Warehouse A,-0.4574944221342463,-1.024258932752212,65.44738821182835,Meat,0
SHP_1211,Port B,36.619116488059994,2.625820151018117,67.64962145508636,Dairy,0
SHP_1212,Distribution Node 1,27.92312848516995,5.123597884764543,61.11401717552663,Fruits,0
SHP_1213,Port B,34.708929837782534,6.38248178355757,74.33308977526957,Fruits,0
SHP_1214,Farm C,6.256965050641902,10.575016172827716,47.6599639964863,Dairy,0
SHP_1215,Warehouse A,30.112537396033268,5.741981165695173,69.34036005869768,Meat,0
SHP_1216,Warehouse A,26.182395060701943,2.7446617589010085,48.34211838530132,Meat,0
SHP_1217,Port B,10.903314752478355,-0.45100431778268213,80.91704609149724,Meat,0
SHP_1218,Port B,24.85879484663271,4.089370212939533,81.93522771573798,Fruits,0
SHP_1219,Port B,19.82967919472454,9.316554738341074,85.1691517569607,Vegetables,1
SHP_1220,Distribution Node 1,20.761500776479544,2.0849451368707705,83.85124511787545,Vegetables,0
SHP_1221,Distribution Node 1,18.871104690606295,3.7894169066119776,79.72389126161865,Fruits,0
SHP_1222,Distribution Node 1,34.435271041267924,11.422551435219804,78.1671644456905,Vegetables,1
SHP_1223,Warehouse A,4.413383046857774,2.842892962754598,59.013279642715574,Meat,0
SHP_1224,Farm C,2.655357013148656,11.984177245956733,65.4103192004273,Dairy,0
SHP_1225,Port B,26.166370101665176,16.574286333594202,73.62998294890562,Vegetables,1
SHP_1226,Warehouse A,25.312737535258716,,78.31579531322907,Seafood,0
SHP_1227,Distribution Node 1,26.60233244379526,7.768466661253892,48.38964736028437,Vegetables,0
SHP_1228,Port B,46.5842939577004,11.38168018461991,63.32718692163123,Dairy,1
SHP_1229,Distribution Node 1,26.20660022286189,2.300286327739095,90.9062682098727,Meat,0
SHP_1230,Distribution Node 1,12.12474215689703,5.496852319601407,94.1662659429284,Fruits,0
SHP_1231,Warehouse A,54.46429322084984,3.571858001323381,61.94514871285716,Meat,0
SHP_1232,Port B,22.103905217052127,0.71935679015774,84.15693967289063,Seafood,0
SHP_1233,Port B,34.226957868363215,-4.9622121219343915,90.59205890270184,Meat,0
SHP_1234,Distribution Node 1,8.520469203107353,-1.8852363161908485,80.56256864603617,Seafood,0
SHP_1235,Distribution Node 1,5.966819788432758,1.2177945053245431,64.88417338729813,Seafood,0
SHP_1236,Warehouse A,21.05108323096867,4.909105721009318,67.41022750067138,Dairy,0
SHP_1237,Port B,33.653269321330384,1.5283583199066468,59.93166445141482,Seafood,0
SHP_1238,Port B,46.18747313934414,10.50626011819103,40.72019511235835,Vegetables,1
SHP_1239,Port B,11.793693953455314,8.066677234592492,92.85886746082004,Fruits,0
SHP_1240,Port B,20.773335713342032,1.5738963650333186,44.694231744325414,Fruits,0
SHP_1241,Farm C,24.008389410686096,6.63302392381347,72.74617595260241,Dairy,0
SHP_1242,Port B,24.167151502955356,1.92762473866999,51.54480762025722,Seafood,0
SHP_1243,Farm C,22.621871766203718,2.465109870786556,50.487824636501664,Meat,0
SHP_1244,Farm C,23.606960757408018,0.3697256865987051,71.0662623294439,Meat,0
SHP_1245,Port B,40.66298722848346,-4.637405428197491,64.24195108160255,Vegetables,0
SHP_1246,Distribution Node 1,38.953022309971544,-4.220170697224448,48.53821352618919,Seafood,0
SHP_1247,Warehouse A,27.478107170021616,4.980714926510542,92.03635041734981,Vegetables,0
SHP_1248,Farm C,7.109859663386146,-0.3334500627726258,75.41997487814587,Seafood,0
SHP_1249,Port B,19.657308345203955,1.7912305312609693,48.58839285514047,Seafood,0
SHP_1250,Warehouse A,35.228140717769534,5.8146652849824765,41.49027958769159,Meat,1
SHP_1251,Farm C,15.546358758485642,-0.1849454498436578,76.95410089793006,Seafood,0
SHP_1252,Distribution Node 1,17.705756804642718,7.9574982449116725,75.9010359318531,Dairy,0
SHP_1253,Port B,19.791821665454552,1.312351845339224,53.37447050496998,Meat,0
SHP_1254,Distribution Node 1,32.5315196184419,7.777053245944159,85.66209255118454,Vegetables,0
SHP_1255,Farm C,43.75676691215968,1.9716425427749558,51.27413624787015,Vegetables,0
SHP_1256,Distribution Node 1,31.117215095620605,1.071360682058029,40.71510579309048,Seafood,0
SHP_1257,Port B,3.9626499351792006,13.058747737050876,89.09694410923362,Fruits,0
SHP_1258,Distribution Node 1,17.727323753771525,5.147027677510668,54.26828883872109,Meat,1
SHP_1259,Port B,39.789198099385914,-3.259321140814646,54.74350024525819,Seafood,0
SHP_1260,Distribution Node 1,8.634847770044603,13.01917672793746,70.3625949468589,Dairy,0
SHP_1261,Warehouse A,2.9583670049920485,3.8203110601643653,92.16493188291861,Fruits,0
SHP_1262,Distribution Node 1,17.460970958292602,7.596544457408283,87.7657386743852,Fruits,0
SHP_1263,Port B,35.66187228207283,5.876166997453707,83.99203907710233,Dairy,0
SHP_1264,Warehouse A,19.63665345343373,1.8291631288367975,54.777254766172035,Seafood,1
SHP_1265,Farm C,49.86287446119688,8.689029137655089,54.18382269882613,Vegetables,1
SHP_1266,Warehouse A,26.050385257535304,1.4480499909419626,94.14211993869537,Seafood,0
SHP_1267,Port B,8.538631442912102,6.403269689016208,54.97690295856529,Dairy,0
SHP_1268,Port B,26.35014306117218,-0.935118332845096,55.073037137796334,Meat,0
SHP_1269,Warehouse A,48.06688854767944,8.870366319172199,85.63579920389608,Dairy,1
SHP_1270,Warehouse A,27.072356811766507,4.948072951836542,73.02842732385093,Meat,0
SHP_1271,Warehouse A,11.954905301239553,,90.29265702587278,Vegetables,0
SHP_1272,Warehouse A,1.9095092240202547,-1.8387309002071044,68.54047379055606,Seafood,0
SHP_1273,Farm C,19.823842964437933,2.5956750886888753,73.17336602065134,Seafood,0
SHP_1274,Warehouse A,16.66178636409662,-2.2199832905446666,55.8781555223885,Meat,0
SHP_1275,Port B,40.095743036401615,-0.6513333665928056,56.341694359274626,Seafood,0
SHP_1276,Distribution Node 1,12.607213334016684,16.52952825934956,76.50191409494565,Fruits,1
SHP_1277,Distribution Node 1,25.14384968337263,2.5371103896468954,51.82172082249162,Meat,0
SHP_1278,Farm C,17.092346085146712,6.488039258581446,67.300143596068,Vegetables,0
SHP_1279,Distribution Node 1,3.7253132870607573,9.948488800514841,82.4001712060202,Dairy,0
SHP_1280,Port B,23.58013811403646,7.31240190690653,77.86213180352547,Seafood,1
SHP_1281,Farm C,5.304572187879984,0.7988559194500462,85.05062747208098,Meat,0
SHP_1282,Warehouse A,31.58889286866625,9.890217798506919,54.96798254764795,Fruits,1
SHP_1283,Warehouse A,2.8455968535475193,10.576540810465673,45.037014032964876,Vegetables,0
SHP_1284,Farm C,23.106798850799443,8.482688390202712,50.18231108612408,Fruits,1
SHP_1285,Port B,36.7748241363204,2.3588170066612086,80.27236875252586,Seafood,0
SHP_1286,Port B,30.71748537517248,10.323122902218486,78.07521104848189,Dairy,1
SHP_1287,Warehouse A,18.5550682975627,8.53176653517386,66.91837300037272,Dairy,1
SHP_1288,Port B,29.15541862959103,6.830750748652445,49.931643982003344,Fruits,0
SHP_1289,Warehouse A,33.82181681566247,,41.867028822218934,Seafood,0
SHP_1290,Warehouse A,11.027321515100851,5.15945855999871,90.84179074570918,Seafood,1
SHP_1291,Port B,37.54883325042171,1.7587526788730221,86.45021691942887,Seafood,0
SHP_1292,Warehouse A,35.259405671711974,,42.03541990935209,Dairy,0
SHP_1293,Distribution Node 1,7.1380809316264795,3.503100030552035,46.63117871775033,Seafood,0
SHP_1294,Distribution Node 1,26.665605259604554,4.085005513346091,58.69312300724364,Dairy,0
SHP_1295,Port B,20.867672961038455,6.539938883278754,57.340968580683565,Fruits,1
SHP_1296,Port B,41.3637346122448,2.589664329534724,57.53138766126385,Meat,0
SHP_1297,Warehouse A,34.41318029005066,7.132128821580865,73.87247535002675,Dairy,0
SHP_1298,Warehouse A,24.98740787130509,5.196441125196054,91.64872341820929,Meat,1
SHP_1299,Distribution Node 1,38.678051407097485,-0.05029537039036924,62.106200248508316,Seafood,0
SHP_1300,Farm C,51.58677748343101,4.5486457582413635,88.05224128024864,Fruits,1
SHP_1301,Warehouse A,3.81815609840125,-1.0343959999765895,80.56702658738902,Dairy,0
SHP_1302,Farm C,18.957758194849713,1.1546461734184783,59.50421867024271,Meat,1
SHP_1303,Warehouse A,11.926609282998049,1.7963521686872523,52.848426307745044,Dairy,0
SHP_1304,Distribution Node 1,23.583781351358624,2.7026441976095623,61.137965593782496,Meat,0
SHP_1305,Port B,11.153063043873992,8.730492945828585,92.24786511726239,Fruits,0
SHP_1306,Port B,35.81186878171901,5.144044623097964,91.96026122602757,Fruits,0
SHP_1307,Distribution Node 1,51.71667306487424,3.3444123458133372,49.18686703506414,Dairy,0
SHP_1308,Warehouse A,25.997426498556674,7.969805056032596,73.42552371833725,Vegetables,0
SHP_1309,Warehouse A,5.160475948111884,6.295851856294272,49.70904176030295,Vegetables,0
SHP_1310,Distribution Node 1,16.522313682902826,3.7780915233589814,82.87714604617143,Fruits,0
SHP_1311,Farm C,18.048371444082353,1.495655313124119,93.30064465774461,Meat,0
SHP_1312,Warehouse A,41.04605097587826,3.717014825002095,78.28113399295857,Fruits,0
SHP_1313,Port B,28.123423074422607,4.4937893959109365,52.344231451016334,Fruits,0
SHP_1314,Warehouse A,26.435076250215594,-2.547232344991696,72.61169641629368,Seafood,0
SHP_1315,Farm C,13.91867905699994,2.494093482311422,88.26034744467091,Seafood,0
SHP_1316,Farm C,16.646535714187365,4.449193760256064,88.88114439279374,Vegetables,0
SHP_1317,Warehouse A,30.5219892334721,5.250828961716413,70.29715538350266,Meat,1
SHP_1318,Warehouse A,21.87663327007141,-0.39489173361536123,60.49786843567727,Seafood,0
SHP_1319,Warehouse A,34.60921003871015,2.197264834378692,67.2731654293324,Fruits,0
SHP_1320,Distribution Node 1,17.788664411565943,6.895151806555594,86.81638027268228,Vegetables,0
SHP_1321,Distribution Node 1,-17.769705945121004,-0.610669726430535,72.58242815627347,Meat,0
SHP_1322,Warehouse A,18.126726689781336,5.132482631207216,77.29088839074849,Seafood,1
SHP_1323,Farm C,4.327244788031322,3.3876456579426213,88.32464924953369,Seafood,0
SHP_1324,Distribution Node 1,31.08785796830771,10.434814322331631,86.78199510018331,Vegetables,1
SHP_1325,Farm C,28.867411117684547,4.145021041403423,86.03573306000196,Seafood,0
SHP_1326,Warehouse A,36.80009627506985,5.507886771337018,74.02362580183514,Seafood,1
SHP_1327,Distribution Node 1,16.209704101155847,7.922248429642989,88.44789175594107,Dairy,0
SHP_1328,Distribution Node 1,21.99458303619775,6.586854745733291,58.4315369842528,Dairy,0
SHP_1329,Distribution Node 1,15.725516147035606,3.4848665526845766,84.98818632654843,Seafood,0
SHP_1330,Distribution Node 1,24.34493787521781,5.835355587821896,40.35122294442585,Seafood,1
SHP_1331,Farm C,33.8130323505126,0.04242776140277549,93.96523979150828,Vegetables,0
SHP_1332,Warehouse A,7.681726308240968,8.985014264108884,74.87031367047862,Fruits,0
SHP_1333,Distribution Node 1,41.94160494620894,6.85452169771404,45.883935135482716,Vegetables,1
SHP_1334,Warehouse A,26.992604204529062,12.309813119053898,92.9645602122447,Vegetables,1
SHP_1335,Port B,38.507783329277586,-2.3244827441908456,91.26154580305096,Meat,0
SHP_1336,Port B,18.64279662539366,6.77635997159323,56.55299618207489,Dairy,0
SHP_1337,Distribution Node 1,19.64451265237551,6.698557077471312,72.01937530969502,Fruits,0
SHP_1338,Port B,38.34055954709811,-2.569560714351324,42.515811859688206,Meat,0
SHP_1339,Port B,28.405227201456807,0.42258383806112976,41.35228040523408,Seafood,1
SHP_1340,Farm C,42.786288350812086,5.7369989557080485,77.58124571335779,Fruits,1
SHP_1341,Warehouse A,3.588077376734958,0.7805213699112143,94.8418475086741,Meat,0
SHP_1342,Warehouse A,6.623833195005073,-2.7952238264803277,48.99931016554181,Vegetables,0
SHP_1343,Farm C,31.783636016651535,9.949235597026501,52.14232870338182,Vegetables,0
SHP_1344,Warehouse A,26.925608565254386,0.307764107789815,75.99811678546243,Seafood,0
SHP_1345,Warehouse A,21.33104665853321,1.412165485066243,91.89887560921794,Vegetables,0
SHP_1346,Distribution Node 1,46.15964395257199,-1.210254298978458,61.86769188795368,Seafood,0
SHP_1347,Distribution Node 1,34.7746624651241,5.173731326274684,52.64750332400974,Dairy,0
SHP_1348,Distribution Node 1,8.98152690971467,11.775058416293039,87.53970374118003,Fruits,0
SHP_1349,Warehouse A,30.066021727337894,5.88430046330052,50.203903363671664,Vegetables,0
SHP_1350,Port B,28.112704156532452,7.827012876615136,82.40070145542286,Vegetables,0
SHP_1351,Warehouse A,29.51914830986573,3.822542981448513,74.44211768972784,Seafood,0
SHP_1352,Warehouse A,26.35825403641764,8.83601503035405,83.8095510036897,Vegetables,1
SHP_1353,Farm C,11.631389966381722,5.800933961403661,46.88521857114027,Fruits,0
SHP_1354,Farm C,15.883292375288764,7.402821298732447,51.02885996851852,Meat,1
SHP_1355,Warehouse A,15.11001110438757,5.942843874440125,72.00842710529193,Vegetables,0
SHP_1356,Port B,34.08772258786469,0.04212806209282727,57.06990774079656,Seafood,0
SHP_1357,Farm C,20.677213922443464,,43.98457882870074,Meat,0
SHP_1358,Port B,18.57232416901108,-3.6955173065158267,73.0011301465617,Dairy,1
SHP_1359,Farm C,36.28225826958792,-1.280886838190185,87.30673184540626,Meat,0
SHP_1360,Port B,12.396286282449445,1.8568659315740605,53.31247587243901,Meat,0
SHP_1361,Port B,52.824315382025475,1.9321907316655413,78.63557337992572,Meat,0
SHP_1362,Warehouse A,21.348429914044033,6.107543355978123,57.95537195341956,Dairy,0
SHP_1363,Port B,13.484175984309823,6.150640932671751,59.28448121650494,Fruits,0
SHP_1364,Port B,11.980559881261014,1.1566991213421354,71.21474665438569,Seafood,0
SHP_1365,Distribution Node 1,35.86659284770822,3.8699294199638112,51.008263433464556,Meat,0
SHP_1366,Warehouse A,40.79226523903203,9.698534731651076,41.737237965410316,Dairy,1
SHP_1367,Warehouse A,45.74376148961846,7.431702914767074,87.9033018060347,Fruits,1
SHP_1368,Warehouse A,34.74231864033278,8.540687206727878,58.669760589854334,Vegetables,1
SHP_1369,Warehouse A,25.374400394585567,4.850436412996496,84.95137734793715,Meat,0
SHP_1370,Farm C,48.90313047150319,3.2432487276417286,68.95214635148622,Fruits,0
SHP_1371,Farm C,19.56574059813324,2.6136481882722364,43.31936461948101,Seafood,0
SHP_1372,Warehouse A,16.18298395662662,4.064456663782714,87.94809616257109,Fruits,0
SHP_1373,Farm C,11.621085037558105,3.8828070498151206,83.43341789283636,Vegetables,0
SHP_1374,Farm C,23.707744892868206,14.569081434447455,70.54499530156971,Vegetables,1
SHP_1375,Farm C,12.801439108252827,9.013303041508966,94.7983653831208,Vegetables,1
SHP_1376,Warehouse A,24.456041738018403,6.480125306873045,50.974834801102986,Fruits,0
SHP_1377,Warehouse A,17.972931405670515,2.63478491114118,41.68588762131933,Meat,0
SHP_1378,Port B,20.91148155091986,-0.6743362955103578,87.75498779746093,Dairy,0
SHP_1379,Farm C,35.19454901194346,9.492634194476596,63.402133394644146,Fruits,1
SHP_1380,Port B,9.290812043971904,0.14250047916071917,94.32072600548318,Vegetables,1
SHP_1381,Port B,5.2583176632543385,14.006948410120541,79.88917132283251,Fruits,0
SHP_1382,Farm C,36.94417000117555,1.8844745914978784,89.53860252061922,Seafood,0
SHP_1383,Farm C,4.404572633496201,3.7089263018058967,72.57926807263493,Vegetables,0
SHP_1384,Port B,41.71848419671075,6.140274062442355,80.32121623284046,Seafood,1
SHP_1385,Distribution Node 1,28.81950606589768,3.257558875672769,89.99678863661026,Fruits,0
SHP_1386,Distribution Node 1,17.39633815385496,3.313506528247794,93.42673017229018,Vegetables,0
SHP_1387,Port B,27.88560153127134,1.125530063019529,67.07528210464191,Meat,0
SHP_1388,Port B,30.523201855133188,4.517542671655576,64.4917890251466,Dairy,0
SHP_1389,Distribution Node 1,-2.8131173077704332,2.705599486564103,72.61229682892102,Meat,0
SHP_1390,Warehouse A,19.650708703162415,1.5213204214954246,93.31767772844081,Fruits,0
SHP_1391,Warehouse A,33.68751749773301,1.0169357636012037,57.88545353235822,Fruits,0
SHP_1392,Distribution Node 1,18.3875855842573,7.386015526922863,93.34015747931997,Vegetables,0
SHP_1393,Distribution Node 1,5.329216194121255,,44.0423211031507,Meat,0
SHP_1394,Warehouse A,24.921862692723064,-1.8489766725657089,58.53517470372074,Seafood,0
SHP_1395,Port B,20.888994689037293,10.934747685504144,53.679284992319644,Dairy,1
SHP_1396,Port B,42.00911748761173,9.400886968453971,49.187304934552245,Dairy,0
SHP_1397,Farm C,34.164948119820416,10.89000365954752,66.10469816623976,Dairy,1
SHP_1398,Farm C,28.58322542677864,7.720166588764279,72.19449004182137,Vegetables,0
SHP_1399,Port B,20.360298456768618,7.5189047477604944,46.155579066875035,Fruits,0
SHP_1400,Farm C,23.140784887031234,1.8883332904704753,69.21432404005677,Meat,0
SHP_1401,Farm C,22.429008326763007,-1.1048645935963979,91.36312596403477,Seafood,0
SHP_1402,Distribution Node 1,24.943622283793086,-1.9928027381284306,42.28650724777157,Vegetables,0
SHP_1403,Distribution Node 1,25.67211112345517,7.810139567285339,87.73550619860121,Vegetables,0
SHP_1404,Port B,35.976121318315826,-5.585021512774757,66.88656191413061,Dairy,0
SHP_1405,Warehouse A,13.546394831549799,3.2101700700622327,41.648547442997284,Seafood,0
SHP_1406,Warehouse A,37.2981938008502,1.8403762914978765,51.10193986676216,Vegetables,0
SHP_1407,Distribution Node 1,27.318829831139134,3.397145850619642,64.40626206175142,Vegetables,0
SHP_1408,Port B,21.71181119083984,2.6522986195391685,78.09442737243904,Seafood,0
SHP_1409,Farm C,23.62934837314104,,73.98159821106677,Vegetables,1
SHP_1410,Port B,26.41318856057961,10.202617584030449,41.67128828332603,Dairy,1
SHP_1411,Warehouse A,26.370791882068584,7.796913739678981,77.20823621774855,Dairy,0
SHP_1412,Port B,31.664762664350214,1.4279803490780658,61.662542310978715,Dairy,0
SHP_1413,Port B,14.740460130997459,7.186513278704702,76.18149175316698,Vegetables,0
SHP_1414,Port B,23.23033984088409,2.9862872309104413,87.89143976854925,Seafood,0
SHP_1415,Port B,28.087200229198302,6.305544647570155,80.61470650882296,Seafood,1
SHP_1416,Port B,21.070120376512214,9.856348673153429,57.986823885978126,Dairy,1
SHP_1417,Distribution Node 1,36.563041531800145,3.709850916024147,81.92568241271387,Meat,0
SHP_1418,Warehouse A,20.429237959680098,11.502827253246478,84.98088188962619,Dairy,1
SHP_1419,Farm C,25.44599950547161,1.8853026674836642,40.31672632739669,Fruits,0
SHP_1420,Farm C,10.844698957257577,0.23979646962282253,61.789498038509045,Fruits,0
SHP_1421,Warehouse A,13.378038012001827,6.657685446468926,64.6781492442392,Meat,1
SHP_1422,Port B,16.332459027725974,0.7076408263700067,52.49982949947333,Fruits,0
SHP_1423,Warehouse A,26.036325508224234,,76.7517039205259,Meat,0
SHP_1424,Distribution Node 1,15.742195857867316,15.009743221377235,60.888217909857644,Dairy,1
SHP_1425,Port B,24.709705467269067,10.504468104061523,66.3550032696352,Fruits,1
SHP_1426,Farm C,7.325130398836848,-2.936196240870675,71.90948030750327,Seafood,0
SHP_1427,Farm C,51.94342810105879,4.175454198145225,82.06857938481706,Meat,1
SHP_1428,Distribution Node 1,31.137052099983432,9.413662235121231,92.55380327752141,Fruits,1
SHP_1429,Port B,20.967771743988433,7.568338118803478,90.98689996379687,Vegetables,0
SHP_1430,Distribution Node 1,14.952424933599884,1.1579747693996778,66.7229467552479,Seafood,1
SHP_1431,Distribution Node 1,13.553128604858927,2.062910498829986,56.90094807094576,Fruits,0
SHP_1432,Farm C,26.15872981384174,6.176006859033798,57.1219234535802,Seafood,1
SHP_1433,Distribution Node 1,42.17421075107498,9.092332756710107,54.994320040344356,Dairy,1
SHP_1434,Port B,12.210151277540284,5.101467400011901,49.963214224407416,Fruits,0
SHP_1435,Distribution Node 1,12.369604676234808,3.653111906727612,68.88398610168831,Seafood,0
SHP_1436,Distribution Node 1,16.783588272585437,7.279127736570148,71.2021720795897,Vegetables,0
SHP_1437,Warehouse A,40.768976436724465,1.7745674995699496,70.2624598185944,Meat,0
SHP_1438,Farm C,25.502694031774887,4.282377835498988,92.32718382136613,Dairy,0
SHP_1439,Farm C,38.473840748047095,7.535886210187449,88.63135548416243,Vegetables,1
SHP_1440,Distribution Node 1,15.576099746318935,3.3483963297962074,73.60395438680455,Fruits,0
SHP_1441,Port B,37.79303673916458,4.796383922554563,89.50127178689061,Vegetables,1
SHP_1442,Farm C,9.07364117530458,3.2283792088163707,82.9289033384124,Fruits,0
SHP_1443,Farm C,33.63481941774823,0.3186555455314273,63.305603950681956,Meat,0
SHP_1444,Warehouse A,15.918112509073577,2.836982486671406,74.31226285721152,Meat,0
SHP_1445,Distribution Node 1,50.6723475496209,1.0487162236515362,49.240781425967484,Vegetables,0
SHP_1446,Farm C,31.605322571185184,7.655196389805993,51.92068900499266,Fruits,0
SHP_1447,Distribution Node 1,38.695013251513714,6.870189686897136,70.06835769927385,Seafood,1
SHP_1448,Distribution Node 1,17.310098579905997,0.5207880816836887,72.69619843523952,Vegetables,0
SHP_1449,Port B,27.772601928658165,5.991664810319265,47.50418639062032,Dairy,0
SHP_1450,Warehouse A,14.35590518436323,12.55646722177627,63.55097882090881,Fruits,1
SHP_1451,Warehouse A,35.716607441545236,5.312147409450061,94.51907965362037,Meat,1
SHP_1452,Distribution Node 1,30.827796950223302,12.513586492514152,55.07883666078932,Fruits,0
SHP_1453,Farm C,10.790648605959781,3.154805500957849,59.52479682075655,Vegetables,0
SHP_1454,Warehouse A,24.40900161911071,-0.3099196931759254,43.71869099757182,Seafood,0
SHP_1455,Warehouse A,16.538180393923305,,69.70065530324808,Fruits,1
SHP_1456,Farm C,27.970562786573485,9.334115846435699,69.31267826032344,Fruits,1
SHP_1457,Distribution Node 1,9.928760917664206,-1.7004043038403172,76.82178253590045,Seafood,0
SHP_1458,Farm C,44.07086864205244,3.2570570280981355,65.5863086756045,Meat,0
SHP_1459,Farm C,25.157204625521878,,92.66939064779592,Seafood,0
SHP_1460,Port B,30.465071909356432,-0.7620207792380986,51.0513528762481,Meat,0
SHP_1461,Warehouse A,13.02049118660764,2.2438305283010838,64.77040149420019,Seafood,0
SHP_1462,Farm C,15.173640688922802,10.94437270084175,76.57014484679699,Dairy,1
SHP_1463,Farm C,17.593090784198402,0.37142389514033436,48.38288073317296,Vegetables,0
SHP_1464,Warehouse A,38.5571723997502,2.4251507409197144,68.65268874996232,Meat,0
SHP_1465,Port B,15.00984911245044,6.901371014756269,81.53987312732443,Fruits,0
SHP_1466,Warehouse A,25.602490857387387,1.5425904908583683,83.01154482187123,Meat,0
SHP_1467,Distribution Node 1,11.152867941172776,2.441015592853725,59.80750241093355,Dairy,0
SHP_1468,Distribution Node 1,1.9655355227604403,3.523973980737631,61.833983439085586,Seafood,0
SHP_1469,Farm C,49.86891795848148,1.4741879173902799,68.36236852330738,Dairy,0
SHP_1470,Warehouse A,23.92714906152128,4.515472323354926,94.5686908152822,Seafood,0
SHP_1471,Port B,19.381897416634494,3.3919168487703772,91.1827368054154,Seafood,0
SHP_1472,Warehouse A,24.98195230257078,1.703331040426572,60.934281141211905,Seafood,0
SHP_1473,Farm C,30.821292075073853,8.398376453125975,56.75735265039224,Fruits,1
SHP_1474,Farm C,21.900482919655097,2.977019362028621,49.54384832425798,Vegetables,0
SHP_1475,Farm C,11.561089003724433,11.25227406235486,93.65856104729532,Dairy,0
SHP_1476,Port B,37.030746789978934,3.424094698639858,47.28885700080166,Seafood,0
SHP_1477,Farm C,53.578531630292204,4.799438862430034,82.06453904966475,Vegetables,1
SHP_1478,Distribution Node 1,24.124231438120567,0.7526550705993618,61.92646652747722,Fruits,0
SHP_1479,Farm C,19.53944516048519,2.030746935855623,43.74947701620215,Dairy,0
SHP_1480,Distribution Node 1,24.679799098765287,3.5890782630701925,93.1202188634271,Seafood,0
SHP_1481,Port B,2.3710931100693955,3.4138819152302493,67.83780245621342,Dairy,0
SHP_1482,Port B,12.727975274174948,1.5677373328351536,75.24544730796134,Meat,0
SHP_1483,Port B,30.48135254019752,-1.8474958633645668,75.76106008189844,Meat,0
SHP_1484,Warehouse A,21.438685548837505,11.962904547399809,43.19900875280117,Dairy,1
SHP_1485,Port B,17.23621167088389,4.356275374803263,46.67617166823359,Dairy,0
SHP_1486,Warehouse A,16.639168037508725,4.790121254047486,78.06887379317726,Fruits,0
SHP_1487,Warehouse A,24.188240565547225,-0.18619504412320964,94.81832696191373,Seafood,0
SHP_1488,Farm C,29.2432580369562,5.571938824359024,56.84394914326364,Meat,1
SHP_1489,Distribution Node 1,29.994323821144903,8.866046206393015,63.43458611397043,Meat,1
SHP_1490,Port B,7.597455619014948,1.3257037943219494,60.22676429825093,Seafood,0
SHP_1491,Port B,38.49371170153203,4.733399882955088,80.34879093087712,Vegetables,1
SHP_1492,Port B,17.081875191279366,-4.3641691685796395,41.055575225268115,Fruits,0
SHP_1493,Warehouse A,34.357202714047574,2.814239275761682,47.54103381509495,Vegetables,0
SHP_1494,Port B,6.253061174710453,2.550079759337467,40.66664260541413,Seafood,0
SHP_1495,Warehouse A,12.070725203493687,1.9071830085331276,70.13777189355311,Meat,0
SHP_1496,Farm C,38.358858019973894,5.36588170789212,45.394541943133454,Dairy,1
SHP_1497,Distribution Node 1,9.683280541077163,5.839645949373787,57.85717597895329,Dairy,0
SHP_1498,Farm C,21.924647280918926,7.13512544042703,60.67385568301731,Seafood,0
SHP_1499,Warehouse A,13.502155439086572,-3.105494034368009,83.17590991103813,Dairy,0
SHP_1500,Distribution Node 1,15.971127136081002,10.159618749584306,77.84740883475982,Vegetables,1
SHP_1501,Port B,4.8103621626358475,4.373107667813665,86.24793686842574,Fruits,0
SHP_1502,Port B,49.88769855918604,3.5771403079866464,76.26446572131805,Vegetables,0
SHP_1503,Warehouse A,27.318524002712,4.398497760512444,73.7663471618034,Seafood,0
SHP_1504,Port B,24.3840497887892,-0.2602536110385505,48.25929504493729,Seafood,0
SHP_1505,Port B,25.06376036877615,7.166385817054909,77.41252785645943,Meat,1
SHP_1506,Warehouse A,19.616141384254696,6.738721223459634,43.91912002708922,Fruits,0
SHP_1507,Farm C,14.370087201460233,5.896433974541156,56.30945697082104,Meat,1
SHP_1508,Port B,38.404966895333104,3.372422884114417,76.3753836088728,Fruits,0
SHP_1509,Distribution Node 1,18.58308410879233,0.6918395370503612,45.41176073423685,Meat,0
SHP_1510,Distribution Node 1,38.228449855955965,8.875813242660268,54.57755355787522,Vegetables,1
SHP_1511,Distribution Node 1,31.28557320940342,11.24463554527242,61.00668018090927,Vegetables,1
SHP_1512,Warehouse A,20.12784193389437,4.99666793417981,73.82571324213767,Dairy,0
SHP_1513,Port B,31.700249245855794,5.6738812616789955,69.16661732870371,Meat,1
SHP_1514,Farm C,16.277781235438283,4.783520384243712,93.89836811473678,Seafood,0
SHP_1515,Distribution Node 1,41.4674242809734,7.397814725056998,81.14402486862426,Seafood,0
SHP_1516,Port B,30.459552948595594,10.290029349239209,47.045266050141,Vegetables,1
SHP_1517,Port B,30.681850089299978,1.3688895243168628,52.353858651411855,Seafood,0
SHP_1518,Distribution Node 1,11.462289671747598,-3.8990697681280055,64.16727443319488,Meat,0
SHP_1519,Farm C,30.953310874407137,6.5907973009071075,53.238099150787775,Dairy,0
SHP_1520,Warehouse A,21.344956516970736,,88.78086951150982,Meat,0
SHP_1521,Port B,7.913361839954064,4.739000660822899,84.87708164327395,Seafood,0
SHP_1522,Distribution Node 1,21.994539434563062,7.130319801953199,81.52730608104531,Dairy,0
SHP_1523,Warehouse A,38.5647772527101,5.439828592231048,80.06698724388872,Fruits,1
SHP_1524,Farm C,31.954575224008952,10.6938954299413,49.75858232083388,Fruits,1
SHP_1525,Warehouse A,27.915296050160226,6.121246629977369,91.55634365734154,Dairy,0
SHP_1526,Port B,28.7962554210317,3.394572424832684,84.97819314213197,Dairy,1
SHP_1527,Farm C,24.365746203187978,-2.4758084394141244,86.23866654061601,Meat,0
SHP_1528,Distribution Node 1,27.705996151187566,12.808859778540953,72.46912297523251,Fruits,1
SHP_1529,Farm C,1.20988334501439,6.313717596074571,71.07620960724589,Vegetables,0
SHP_1530,Distribution Node 1,33.04009945325439,7.524633539531111,74.99602446885865,Vegetables,0
SHP_1531,Warehouse A,16.531461660110363,7.9123599865098235,65.38566109308844,Fruits,0
SHP_1532,Warehouse A,21.491720912567697,-0.5515613626279006,84.00390327845378,Seafood,0
SHP_1533,Warehouse A,27.127953997804887,,80.31892128163211,Dairy,0
SHP_1534,Distribution Node 1,9.649403255577788,7.778410672880563,59.546151277715666,Dairy,0
SHP_1535,Warehouse A,27.335796776912503,11.819242579966971,40.2876287448602,Fruits,1
SHP_1536,Farm C,14.58122024301312,8.593121735375437,92.6940414065659,Fruits,1
SHP_1537,Port B,6.60172121422913,1.5747672750866322,48.18884276828446,Fruits,0
SHP_1538,Farm C,32.668576293933256,0.881500543724699,94.7983885694986,Meat,0
SHP_1539,Warehouse A,14.193774400692055,-2.3764825106551086,79.71390160115054,Dairy,0
SHP_1540,Warehouse A,26.696216709022632,4.79777249561927,61.533913399780616,Meat,0
SHP_1541,Distribution Node 1,44.173107779165846,-0.2527166493403423,40.17700449823533,Seafood,0
SHP_1542,Farm C,5.692124225158864,5.7877523102815465,83.68085322023964,Seafood,1
SHP_1543,Farm C,26.17339812253273,-0.5072864050627266,66.45350894373681,Seafood,0
SHP_1544,Distribution Node 1,17.229028816111338,2.553653909591111,71.89910830854723,Meat,0
SHP_1545,Farm C,46.33578716683674,7.659843938268231,73.19182166280501,Meat,1
SHP_1546,Distribution Node 1,36.28875030973755,3.7775808476035495,54.84013960705179,Seafood,0
SHP_1547,Warehouse A,23.915486412903174,11.249634486970528,44.23820535238821,Fruits,1
SHP_1548,Warehouse A,21.95778452970086,4.1870878026908995,83.16933374113071,Vegetables,0
SHP_1549,Farm C,35.3739096340466,8.728137800175706,68.44979810428852,Fruits,1
SHP_1550,Warehouse A,10.299730630397939,5.225362162881128,58.05060144851214,Fruits,0
SHP_1551,Distribution Node 1,13.880872748475088,1.5942713131039057,52.133657399116615,Seafood,0
SHP_1552,Distribution Node 1,42.161396918905574,3.8924350536643324,94.90911312661223,Seafood,1
SHP_1553,Distribution Node 1,26.278174034549572,3.730274198579216,63.16864293117396,Meat,0
SHP_1554,Warehouse A,38.65240434630424,8.328390813874464,46.5084905007863,Vegetables,1
SHP_1555,Port B,37.76891196229927,1.0873283564845582,61.110812356317425,Meat,0
SHP_1556,Distribution Node 1,46.61503567121531,6.629730584816567,50.146193922350164,Seafood,1
SHP_1557,Farm C,7.070106022945495,1.3021178929331327,41.44081896926356,Vegetables,0
SHP_1558,Distribution Node 1,25.690634962934446,-1.0737574622514066,56.429906547382515,Fruits,1
SHP_1559,Distribution Node 1,36.39556736583367,1.4151643747131248,86.30634617354949,Seafood,0
SHP_1560,Port B,30.1632012788366,3.8691966413523544,65.20027877058409,Vegetables,0
SHP_1561,Port B,10.66304385438678,1.8450675345047451,44.43308325664186,Meat,0
SHP_1562,Warehouse A,23.669821139392365,13.089006386678976,64.02678864383488,Dairy,1
SHP_1563,Farm C,34.8021238429496,9.11243674450407,48.73994922181444,Fruits,1
SHP_1564,Warehouse A,12.019374729740502,7.207167599277864,81.3256297315975,Vegetables,0
SHP_1565,Warehouse A,28.241794871384002,2.3645150342051466,43.792690899603166,Seafood,0
SHP_1566,Port B,22.798151082240565,5.1853049992921365,54.39381260547483,Dairy,0
SHP_1567,Farm C,28.260269453058196,5.115547618845993,53.725040991722835,Vegetables,1
SHP_1568,Farm C,34.963015514799,2.7872841972786206,64.7356913347797,Dairy,0
SHP_1569,Warehouse A,17.687063613456495,1.9579413852272338,43.445926190044496,Meat,0
SHP_1570,Port B,-5.090883123275297,4.65213618908315,59.10388294423635,Meat,0
SHP_1571,Port B,26.96492853367564,6.349324231661637,70.8092500904013,Vegetables,0
SHP_1572,Port B,5.249449717361486,0.4128419679611155,80.19515307394013,Seafood,0
SHP_1573,Warehouse A,10.67520579244775,8.268222069552412,71.09316400143854,Vegetables,0
SHP_1574,Port B,29.597159789202315,1.8930755531075494,73.46899999830566,Meat,0
SHP_1575,Farm C,14.298962105719356,1.0542054672753611,48.3185755804214,Meat,0
SHP_1576,Distribution Node 1,15.18490107842341,-0.4307573110431431,86.78388318126258,Seafood,0
SHP_1577,Port B,36.21001474901018,16.652729400479295,46.31228795280696,Dairy,1
SHP_1578,Farm C,29.145798003966874,8.772422429052575,43.72175990450009,Dairy,1
SHP_1579,Farm C,28.553784685986088,7.43451443778055,44.494894016072806,Seafood,1
SHP_1580,Port B,11.134331856172718,-5.685401933978429,49.117599708980165,Fruits,0
SHP_1581,Port B,18.619437371353413,14.040037157200006,62.64710478714797,Vegetables,1
SHP_1582,Warehouse A,31.429851132062375,14.229981878846795,43.42502082350371,Fruits,1
SHP_1583,Warehouse A,40.766717070705155,6.228052545484205,65.2581932678327,Vegetables,1
SHP_1584,Port B,16.248429850505577,2.8032319733989857,49.05884943877628,Fruits,0
SHP_1585,Port B,37.94320576147315,-0.30509484194221637,68.56622227271656,Seafood,0
SHP_1586,Port B,27.87695127739235,4.99058599149485,88.3770020223341,Fruits,0
SHP_1587,Warehouse A,19.67431914954485,8.045662003719816,64.81816392995435,Fruits,1
SHP_1588,Farm C,34.59731732576591,5.688651211948792,69.62859888739928,Fruits,0
SHP_1589,Port B,12.318639103206285,5.978410494553862,76.12290575983617,Dairy,1
SHP_1590,Distribution Node 1,18.88370884553348,10.59378283678702,82.65865180089301,Vegetables,1
SHP_1591,Warehouse A,2.030778619261607,6.802607215822748,83.60699304686116,Vegetables,1
SHP_1592,Farm C,46.47957331461055,10.320192262858594,83.88527877887418,Fruits,1
SHP_1593,Farm C,33.184682570045204,5.232714167173443,69.3165876985377,Vegetables,0
SHP_1594,Farm C,29.8167938075337,-0.5390699649726205,83.629374274104,Seafood,0
SHP_1595,Port B,34.005688069912374,0.7167329388597441,89.83787901211716,Meat,0
SHP_1596,Warehouse A,19.982696014721512,0.7890546102740099,50.132366158091436,Seafood,0
SHP_1597,Port B,27.57578683652942,4.282714229470724,48.36573557722501,Meat,0
SHP_1598,Warehouse A,48.75029903091774,1.7298683429829085,44.59052467441608,Vegetables,0
SHP_1599,Farm C,26.298251566391578,6.964952550621392,67.7863725467151,Dairy,0
SHP_1600,Distribution Node 1,23.044303305051418,7.809487184998936,94.12606754700738,Vegetables,0
SHP_1601,Port B,37.78480179515327,11.729368124870007,49.127519241268175,Fruits,1
SHP_1602,Port B,21.754268819945416,9.942919982719452,48.922837318036365,Fruits,1
SHP_1603,Distribution Node 1,24.392693898488492,1.199255863957037,69.0069792167472,Meat,0
SHP_1604,Warehouse A,30.955598078562907,7.303185266328666,44.36736215536662,Dairy,0
SHP_1605,Port B,14.335538075395874,8.385769358242683,87.19973792364402,Fruits,1
SHP_1606,Distribution Node 1,26.021531715235373,11.27039014243184,79.06335392428213,Vegetables,1
SHP_1607,Distribution Node 1,20.356061713512048,-1.821105705240404,85.19002937407595,Dairy,0
SHP_1608,Port B,-1.462258788103135,3.56871205162227,67.1816845987665,Fruits,0
SHP_1609,Farm C,18.019651293690643,9.970754155651168,49.55688762246591,Fruits,1
SHP_1610,Port B,34.08744031805463,8.186934272805518,45.535061318794334,Fruits,1
SHP_1611,Distribution Node 1,17.21658268321102,4.357165363590333,59.136777637019165,Dairy,0
SHP_1612,Distribution Node 1,43.3845082736333,,75.81311716849208,Dairy,1
SHP_1613,Farm C,5.778612672423119,,86.2796154196618,Fruits,0
SHP_1614,Distribution Node 1,28.844761084039312,1.9274131808272514,74.87781760626552,Seafood,0
SHP_1615,Port B,28.469215763786554,-0.3701989754058346,57.880720848743444,Seafood,1
SHP_1616,Warehouse A,18.42459243241928,6.804638623491357,49.61847904467777,Dairy,0
SHP_1617,Farm C,19.17519906579995,8.097058710572675,86.03726188836171,Dairy,1
SHP_1618,Distribution Node 1,34.45556756948693,-2.0379390407402456,78.1782815430407,Seafood,0
SHP_1619,Distribution Node 1,0.7666162358565423,6.5033878784774295,51.69544070041029,Dairy,0
SHP_1620,Farm C,30.16689419590698,6.718327127758392,87.91624652446785,Fruits,0
SHP_1621,Farm C,32.6833270467465,8.669843126557248,76.57416969117975,Fruits,1
SHP_1622,Port B,28.91782388314215,1.2762270361443726,76.89027715482086,Meat,0
SHP_1623,Farm C,12.40425137081841,2.450408349114154,64.5880549093534,Meat,0
SHP_1624,Distribution Node 1,37.284968031443675,1.6388565081392052,70.06565211032836,Meat,0
SHP_1625,Farm C,27.03524177118096,1.8096618081675624,46.089632632947364,Meat,0
SHP_1626,Port B,17.576061768552925,5.637866870783357,80.69472664218117,Vegetables,0
SHP_1627,Farm C,21.337669154456325,7.686737873057778,87.20879222395165,Fruits,0
SHP_1628,Distribution Node 1,30.15726957811299,4.961813289664331,81.46790469782312,Fruits,0
SHP_1629,Warehouse A,34.663953042611524,3.892978269380038,55.483665912821145,Dairy,0
SHP_1630,Distribution Node 1,28.407447760816087,13.35273470718049,45.30939586074925,Vegetables,1
SHP_1631,Port B,1.3775993757465947,1.1111976694733547,72.90966163637674,Meat,0
SHP_1632,Warehouse A,11.355810970243752,-1.2034087647375795,80.87562593023819,Seafood,0
SHP_1633,Port B,29.139755549681958,4.697407141062476,72.62718635590613,Meat,0
SHP_1634,Warehouse A,22.746609377550342,5.324713107239957,83.70180532851046,Vegetables,0
SHP_1635,Farm C,24.99746958788016,4.131586372836896,94.74906339052205,Dairy,0
SHP_1636,Port B,24.840625957358178,10.647513210432763,43.50025001076533,Fruits,1
SHP_1637,Distribution Node 1,28.170364513896892,10.654035071819948,46.32131483827617,Vegetables,1
SHP_1638,Port B,35.70237155738916,3.5032825098195355,88.3438395155247,Meat,0
SHP_1639,Farm C,31.839398078994456,16.75013746278784,63.67350756765446,Fruits,1
SHP_1640,Port B,16.151091802470916,-1.3225315874258277,82.56338106515861,Vegetables,0
SHP_1641,Farm C,34.629637651220634,6.920038095051346,64.38590079085532,Fruits,0
SHP_1642,Distribution Node 1,43.347339095863745,11.25965781433619,72.54334392684791,Dairy,1
SHP_1643,Port B,11.826973473984005,9.131480974325385,68.18000776501849,Vegetables,0
SHP_1644,Farm C,21.047250142440618,-0.5297397859485753,66.82168877416954,Meat,1
SHP_1645,Port B,29.090811116542785,6.573356670424923,73.03580866015957,Fruits,0
SHP_1646,Warehouse A,24.523229356469443,7.085153121292259,74.87572172569821,Seafood,1
SHP_1647,Port B,22.73363937597231,1.4469300478487126,59.90192012628263,Seafood,0
SHP_1648,Port B,16.658770909136575,5.851852811806352,47.701325365432474,Dairy,0
SHP_1649,Port B,21.35766447590451,-2.2714189057439693,50.785374200611614,Dairy,0
SHP_1650,Farm C,5.943355511627974,9.04022385475841,51.38459181411347,Fruits,0
SHP_1651,Farm C,21.540779546241055,2.020604764817111,40.42152179570739,Meat,0
SHP_1652,Farm C,20.28949107540164,2.9913743776376673,84.14221237688972,Fruits,0
SHP_1653,Port B,29.761753634668437,16.92346893289427,56.141885276446686,Dairy,1
SHP_1654,Distribution Node 1,22.078406453200316,4.014020229351397,44.79010217376743,Meat,0
SHP_1655,Port B,13.36535587668713,7.07464570673509,58.987272854093064,Fruits,0
SHP_1656,Distribution Node 1,36.91208566318318,2.0639349460158267,67.14506191870653,Meat,0
SHP_1657,Warehouse A,19.210657773567,3.3884129103537517,61.70168415787055,Vegetables,0
SHP_1658,Warehouse A,2.36232388492866,-2.7524078290164695,89.91860514061052,Seafood,0
SHP_1659,Warehouse A,33.26425874404107,12.125294978317877,57.015499482453016,Fruits,0
SHP_1660,Warehouse A,18.203267379798724,6.587172047942198,54.168397118354704,Vegetables,0
SHP_1661,Farm C,25.738411975890664,3.5409085393723267,77.76244524209338,Dairy,0
SHP_1662,Farm C,20.777632225130013,-0.6735766762458621,65.09300799255482,Meat,0
SHP_1663,Port B,13.342225251271481,1.0793565539378815,63.04212846031115,Meat,0
SHP_1664,Port B,22.424916394892342,6.307407531835073,44.40990077450469,Vegetables,1
SHP_1665,Farm C,30.1430890923513,5.326767064151722,76.77149556976028,Fruits,0
SHP_1666,Farm C,10.915211070685848,6.23279713923881,72.65134351646961,Meat,1
SHP_1667,Distribution Node 1,26.480688566939932,4.276815800365843,88.05342264064898,Seafood,0
SHP_1668,Port B,16.650751504314744,7.4460141008244065,89.63493190072128,Fruits,0
SHP_1669,Farm C,24.70021205142573,3.020863173093892,47.81754180864017,Vegetables,0
SHP_1670,Distribution Node 1,23.60124011226647,5.167532570909842,56.22723892097859,Dairy,0
SHP_1671,Port B,56.13731848366071,4.057395295637312,42.405648976992104,Fruits,1
SHP_1672,Warehouse A,25.918276703968804,,58.8742044244962,Dairy,0
SHP_1673,Distribution Node 1,34.26552010419174,11.149297560608561,86.50823996444487,Vegetables,1
SHP_1674,Distribution Node 1,16.245272281874364,7.325932677828536,77.01316423169378,Meat,1
SHP_1675,Warehouse A,12.67379153491539,1.6216538417882846,83.39418379564364,Vegetables,0
SHP_1676,Distribution Node 1,40.70958360077195,1.2498604562031417,85.23323055175531,Meat,0
SHP_1677,Farm C,2.168304856023319,-0.07956048170925767,72.02093106267625,Seafood,0
SHP_1678,Warehouse A,39.65208291453783,-0.6499679521426973,78.80722244541036,Vegetables,0
SHP_1679,Port B,12.15856745112546,11.928089974463163,49.177311093431406,Fruits,1
SHP_1680,Port B,10.731543978168771,5.140315878845058,88.95533693510946,Fruits,0
SHP_1681,Port B,12.427148944659692,4.279373457632652,41.3996267948163,Vegetables,0
SHP_1682,Farm C,39.7237049534353,11.582735243159824,58.73322916197104,Vegetables,1
SHP_1683,Distribution Node 1,22.19272896675788,-0.14126156881195273,57.11696222848664,Seafood,0
SHP_1684,Port B,35.57821959716949,,60.0526550508647,Dairy,1
SHP_1685,Farm C,46.696654194604065,0.613711944045805,47.73041321680984,Meat,0
SHP_1686,Distribution Node 1,18.313927835149006,,67.80003148507475,Dairy,0
SHP_1687,Warehouse A,22.774458719580007,7.637033550388971,42.144780691620134,Vegetables,0
SHP_1688,Farm C,22.939644489535976,4.519955880471489,48.80137150547567,Fruits,0
SHP_1689,Port B,2.354622938661862,0.9350381476601359,89.50457506590644,Meat,0
SHP_1690,Distribution Node 1,32.36345285412882,0.9985415307319703,73.16185820637038,Meat,1
SHP_1691,Warehouse A,5.5240017687201615,-2.4588310898508814,58.72129073399781,Meat,0
SHP_1692,Port B,9.672899923211336,6.571772379054827,70.45413169469062,Dairy,0
SHP_1693,Port B,42.87377569100617,2.7513572231833323,85.85074790656721,Meat,0
SHP_1694,Farm C,2.3873071901671317,3.829304801063913,54.263419352440195,Dairy,0
SHP_1695,Port B,8.862541996138692,-0.5951176790469788,93.1529562226524,Seafood,0
SHP_1696,Distribution Node 1,0.24840227549054816,4.243730768352601,71.92571805465329,Meat,0
SHP_1697,Distribution Node 1,21.9376441624405,1.5673418752367931,74.44288767815851,Vegetables,0
SHP_1698,Port B,-6.3634502729559586,4.8559831124795565,94.6616613894834,Dairy,0
SHP_1699,Port B,27.50234114400018,9.597859884592983,71.31575486502555,Fruits,0
SHP_1700,Port B,9.245404866570997,3.490097669709565,61.73257587953752,Meat,1
SHP_1701,Distribution Node 1,23.638268765749785,3.729176863125258,69.86635211767148,Vegetables,0
SHP_1702,Port B,27.044875937934883,3.4030795152963,69.33626458209494,Meat,0
SHP_1703,Warehouse A,19.658843173958235,7.120485555877797,83.6815864402173,Dairy,0
SHP_1704,Farm C,31.45886267827261,4.521558655825464,91.92231516039688,Dairy,0
SHP_1705,Farm C,22.504586445718445,1.3096335645890296,93.95430579894767,Vegetables,0
SHP_1706,Distribution Node 1,37.512603009266016,1.8458188292345412,72.3802337172226,Meat,0
SHP_1707,Farm C,6.623323535511723,2.629029639940234,51.1772700097348,Dairy,0
SHP_1708,Distribution Node 1,16.852064471478094,11.49775237268327,68.12015042104132,Vegetables,1
SHP_1709,Port B,56.591358867754586,4.921125873770656,87.60674300935037,Fruits,1
SHP_1710,Port B,23.341271992604565,7.142216299430627,85.51354071584666,Fruits,0
SHP_1711,Port B,28.97638234477064,6.475758939035817,92.58259289865632,Meat,1
SHP_1712,Port B,21.631938956312087,5.394906865385953,86.96790818254823,Vegetables,1
SHP_1713,Farm C,37.989672230500624,5.1821800812591015,89.11996128574782,Dairy,1
SHP_1714,Warehouse A,31.122680667370343,-5.761554538657121,74.46258811012656,Fruits,0
SHP_1715,Warehouse A,47.4847636864997,5.034342358319176,79.74888267340256,Vegetables,1
SHP_1716,Port B,14.72546798611669,7.62820914849814,56.46675736044247,Dairy,0
SHP_1717,Distribution Node 1,37.744670262568235,3.873772251027773,55.331792982800415,Dairy,0
SHP_1718,Port B,35.43750054451304,8.052341680389173,56.204066799040625,Dairy,1
SHP_1719,Port B,30.180512079314255,8.862632979031563,47.856765801546125,Vegetables,1
SHP_1720,Port B,33.60491430273218,9.017165319254296,76.21972836185302,Dairy,1
SHP_1721,Port B,31.01403859343171,7.798623626503401,73.7482262830602,Dairy,0
SHP_1722,Distribution Node 1,23.68174488901128,2.472501395089129,44.27071340693828,Vegetables,0
SHP_1723,Warehouse A,4.316800329296207,-0.5302336119683728,43.63054142771329,Fruits,0
SHP_1724,Warehouse A,14.490960948000465,4.768153881443839,84.45293655050722,Dairy,0
SHP_1725,Warehouse A,24.36228944652186,8.434429769426963,56.47611228746307,Dairy,1
SHP_1726,Port B,24.01446570434669,2.7316454757272375,83.69835494699117,Dairy,0
SHP_1727,Warehouse A,21.849474304495335,2.247538097969568,44.009600945234695,Meat,1
SHP_1728,Warehouse A,4.7092816275723095,,52.78113776808263,Fruits,0
SHP_1729,Distribution Node 1,34.47503024124944,3.480378981126351,91.10754294975197,Fruits,0
SHP_1730,Farm C,33.95369810318098,5.224695444908786,57.68226356863351,Dairy,0
SHP_1731,Distribution Node 1,5.510483490829596,5.4699332818324145,75.22618231967141,Dairy,0
SHP_1732,Distribution Node 1,24.71919156319594,7.1095077518327665,59.67977462624519,Fruits,0
SHP_1733,Port B,13.743924660342998,3.0051113757874024,88.87624941459693,Seafood,0
SHP_1734,Farm C,-12.234145869849904,2.5515486342610845,72.22256336494355,Meat,0
SHP_1735,Distribution Node 1,16.213033424730014,6.756369975356208,77.54394716728713,Dairy,0
SHP_1736,Distribution Node 1,33.685471159647726,,85.23941369113082,Dairy,0
SHP_1737,Farm C,26.838981010514367,11.478835111879123,68.60934407709132,Fruits,1
SHP_1738,Warehouse A,28.708991606145204,3.964145497170005,54.92751592456929,Fruits,0
SHP_1739,Distribution Node 1,1.9999060259228045,5.887664537628081,47.360559964983125,Vegetables,0
SHP_1740,Port B,17.71093922478489,6.609419488134888,81.17548787694099,Fruits,0
SHP_1741,Port B,16.485719613341203,6.061515925488423,55.18932568014947,Fruits,0
SHP_1742,Warehouse A,20.065263401844987,6.620762735435917,86.16361707958012,Fruits,0
SHP_1743,Farm C,13.698600715503769,10.502351084161376,45.604081343630746,Dairy,1
SHP_1744,Port B,7.849548918321421,-0.45777357916449324,86.34915461883051,Meat,0
SHP_1745,Distribution Node 1,36.32905842406529,3.345118492081151,89.05296796459041,Fruits,0
SHP_1746,Farm C,34.21077554601567,5.450512846402414,60.752492967975606,Dairy,0
SHP_1747,Warehouse A,23.21342871862794,7.945075419200087,61.32068430006059,Seafood,1
SHP_1748,Distribution Node 1,41.07297763319928,4.778646206724777,40.239979830767,Seafood,1
SHP_1749,Warehouse A,30.26692417497612,2.7343840555958328,76.65119774680136,Vegetables,0
SHP_1750,Distribution Node 1,25.06389109153725,6.789262829622382,56.39287147516937,Fruits,0
SHP_1751,Farm C,26.4396353228289,4.861267857309666,75.42820718117537,Fruits,0
SHP_1752,Farm C,22.326644691828005,4.199242940594353,92.62398985163574,Fruits,0
SHP_1753,Farm C,-9.990234849314504,6.0675628649699345,65.17347828376117,Fruits,0
SHP_1754,Warehouse A,17.393557806100997,-1.6621372777424757,60.33972907929471,Seafood,0
SHP_1755,Farm C,38.82146186338234,4.719632076222439,86.76914006159424,Vegetables,1
SHP_1756,Warehouse A,31.466485728520823,1.4446675288769235,65.975499228964,Dairy,0
SHP_1757,Distribution Node 1,20.723762871287768,3.0953762359490313,77.27972601705244,Meat,0
SHP_1758,Warehouse A,5.354894807807227,9.271558632100115,47.51304970081449,Vegetables,0
SHP_1759,Farm C,39.29510250352217,4.430186912158074,57.35950390698425,Seafood,1
SHP_1760,Distribution Node 1,9.727057285592066,6.9280188597678904,79.22637858054398,Meat,1
SHP_1761,Warehouse A,26.30751573770275,1.555331367224689,55.80752780560688,Seafood,0
SHP_1762,Port B,17.47063197462969,1.5116212817831174,46.133171677670205,Meat,0
SHP_1763,Farm C,3.073822600405226,6.476073624215899,85.9514124158207,Vegetables,0
SHP_1764,Distribution Node 1,21.256801015919777,-0.9830481238255366,67.10755214460957,Seafood,0
SHP_1765,Warehouse A,33.34775654452802,-3.639552668427232,72.73224211981248,Dairy,0
SHP_1766,Distribution Node 1,23.768875443187266,4.948436683166929,92.99245824881736,Vegetables,0
SHP_1767,Warehouse A,48.214895565998866,6.865267526274003,57.15251218542858,Vegetables,1
SHP_1768,Distribution Node 1,32.58457578529493,8.872742902831739,68.67128262097765,Vegetables,1
SHP_1769,Port B,21.14765850372431,2.576704292585693,54.60705581272333,Meat,0
SHP_1770,Farm C,25.22227554314384,6.647060454485562,59.14525762425585,Seafood,1
SHP_1771,Farm C,35.86403003229603,0.5942169404321147,93.58069440989965,Fruits,0
SHP_1772,Warehouse A,26.0800999724449,2.731859593725501,82.92068679640391,Seafood,0
SHP_1773,Farm C,-3.2819551093836488,2.254845470372911,56.66036508582559,Fruits,0
SHP_1774,Port B,22.76094287821143,-0.572755244616669,81.10944236281817,Dairy,0
SHP_1775,Port B,15.659476078203125,5.8353220923498,92.67843905435122,Fruits,0
SHP_1776,Port B,24.250637859551542,6.922803622874734,92.95225926392634,Dairy,0
SHP_1777,Distribution Node 1,21.53126891006432,3.399933325318187,52.395969740372124,Dairy,0
SHP_1778,Distribution Node 1,19.497643436112757,1.046854709731298,74.23275028612981,Seafood,0
SHP_1779,Distribution Node 1,28.719230681642664,11.65197902250732,48.08294902735153,Dairy,1
SHP_1780,Farm C,29.978660981961422,10.560596154085065,61.349113836984756,Vegetables,1
SHP_1781,Warehouse A,9.95978819281305,9.394248137902991,58.98557146718158,Dairy,0
SHP_1782,Warehouse A,21.191761690716223,3.3990751233390037,65.84935474868651,Seafood,0
SHP_1783,Warehouse A,27.96078000975146,8.479705329583219,43.42117743905865,Dairy,1
SHP_1784,Farm C,13.978285180439723,8.268616165084321,47.38511679962515,Seafood,1
SHP_1785,Warehouse A,24.454342980107402,8.338290511798272,53.304131176208905,Dairy,1
SHP_1786,Farm C,48.28327463075567,6.027199378239991,44.19315698854604,Vegetables,1
SHP_1787,Distribution Node 1,34.09834010447711,3.529453562423013,65.28156787214637,Fruits,0
SHP_1788,Farm C,-2.542342935954082,6.6003011038889765,42.41449684536528,Seafood,1
SHP_1789,Port B,21.59101003736563,-1.6964269894444977,51.50520059743603,Seafood,0
SHP_1790,Warehouse A,18.84906695641606,3.7656598093121594,92.83448365322599,Seafood,0
SHP_1791,Farm C,24.57553735177856,2.995531589775547,54.274798074684966,Seafood,0
SHP_1792,Warehouse A,48.29171547944223,0.5473039816287582,44.01948591148582,Vegetables,0
SHP_1793,Farm C,25.952932978156753,6.165516210343391,50.45592073810502,Vegetables,0
SHP_1794,Farm C,29.11064647431643,6.076591109663008,81.65206139239413,Dairy,1
SHP_1795,Farm C,22.98132217797176,-1.7299717852182965,79.50821464546021,Seafood,0
SHP_1796,Port B,32.63709530577818,-1.879818873613491,76.66302634756406,Seafood,0
SHP_1797,Distribution Node 1,26.78587139690442,1.1874695919332288,82.43948010382343,Fruits,0
SHP_1798,Distribution Node 1,20.24330363372215,1.9978742162700622,40.49711579936107,Meat,0
SHP_1799,Warehouse A,31.421860565477708,1.3775674319483822,52.577222878198484,Meat,0
SHP_1800,Farm C,8.99510719236339,8.418061305421467,57.69184943127517,Fruits,0
SHP_1801,Warehouse A,29.634861820181193,8.85641399888037,45.246960252226586,Dairy,1
SHP_1802,Warehouse A,18.759363167512852,1.8016021561225326,66.44895806316549,Meat,0
SHP_1803,Distribution Node 1,14.445951543675065,3.0169810559277392,55.88867164000411,Meat,0
SHP_1804,Port B,32.93030365799924,5.275103307127588,94.62902584826301,Fruits,0
SHP_1805,Port B,7.8706263556417575,-0.4130418672637983,81.48457353408625,Dairy,0
SHP_1806,Warehouse A,1.601520583672606,10.030054759347689,83.31519972223286,Fruits,0
SHP_1807,Farm C,28.877729726861016,-0.31846202962350745,59.72181538386802,Fruits,0
SHP_1808,Warehouse A,9.465936848630626,8.923056476266098,50.53761201541542,Vegetables,0
SHP_1809,Warehouse A,5.684748039333456,6.1303023096342475,42.14114798291171,Vegetables,0
SHP_1810,Farm C,19.115564244878634,4.058955370870102,92.27525438164126,Seafood,0
SHP_1811,Port B,5.517028415627081,13.933544939406847,71.90488590682,Dairy,0
SHP_1812,Distribution Node 1,43.40655089962348,6.417423750092851,55.53728362850687,Dairy,1
SHP_1813,Distribution Node 1,33.35128664872996,4.837699587610551,92.0551082232723,Dairy,0
SHP_1814,Port B,21.730555310675598,9.686600447697838,82.9201026653785,Fruits,1
SHP_1815,Warehouse A,19.669302966904716,-7.885719567753531,51.25740599815062,Vegetables,0
SHP_1816,Warehouse A,8.971278667042572,3.0908956478749037,58.23605844869566,Seafood,0
SHP_1817,Farm C,19.60522152818086,7.7755209208697424,43.913705684538805,Dairy,0
SHP_1818,Farm C,-7.250566279525611,6.795792587185979,84.59832195543552,Dairy,0
SHP_1819,Port B,18.257193095806635,4.873182960986028,78.14899316105874,Meat,0
SHP_1820,Distribution Node 1,32.16259326540539,10.770030049911899,48.33772911400547,Vegetables,1
SHP_1821,Port B,25.31364724856747,10.210115765398653,55.5359834503502,Vegetables,1
SHP_1822,Distribution Node 1,17.94984202790794,1.7554319806950622,47.03267406723297,Meat,0
SHP_1823,Warehouse A,32.282841604563274,,43.00489310005348,Vegetables,0
SHP_1824,Distribution Node 1,10.95304873364637,1.6566994844592582,52.67291641645424,Fruits,0
SHP_1825,Farm C,38.60848283701956,4.461666257019118,86.66339584997885,Meat,1
SHP_1826,Port B,3.2903192545128377,3.2897413906573796,57.89123237126671,Vegetables,0
SHP_1827,Port B,34.363159910959084,8.318572917290588,49.988768226613146,Vegetables,1
SHP_1828,Distribution Node 1,33.400686111391146,1.2453833418665128,84.36814358321067,Meat,0
SHP_1829,Distribution Node 1,41.51678250045528,-0.8804102037912731,76.3557839836026,Fruits,0
SHP_1830,Distribution Node 1,25.02381771078029,-0.4247971649227793,79.01264556599352,Meat,0
SHP_1831,Port B,29.763655836159586,3.722465199407491,72.10750292827615,Dairy,0
SHP_1832,Distribution Node 1,31.80540111043367,-2.509240905279454,56.31079517132619,Meat,0
SHP_1833,Port B,35.644720678162216,4.4100951464634885,45.638378023656095,Seafood,0
SHP_1834,Distribution Node 1,47.94800987740757,11.329755668016082,60.310442361854754,Meat,1
SHP_1835,Farm C,36.98330471689019,9.982129876332323,65.39438790972156,Fruits,1
SHP_1836,Distribution Node 1,26.760849110296824,3.4932292672741827,80.0939583910699,Meat,1
SHP_1837,Port B,18.928397271341304,4.029794049847542,84.38889971266866,Meat,0
SHP_1838,Farm C,17.300378952647634,-1.3004626989150845,58.45857498484135,Meat,0
SHP_1839,Distribution Node 1,36.698484563326886,4.812680366614295,70.9140036921414,Meat,1
SHP_1840,Warehouse A,23.932847774051442,8.67496662237005,60.9284740428442,Vegetables,0
SHP_1841,Farm C,29.450198006278058,3.861067009761634,80.39441626415753,Vegetables,0
SHP_1842,Port B,20.472396628029813,5.713602992567733,86.14485302449059,Dairy,0
SHP_1843,Warehouse A,23.27653210330066,7.819180678569522,52.9235372747774,Fruits,0
SHP_1844,Farm C,34.68459796223743,3.725615048319699,70.0536673842816,Meat,0
SHP_1845,Port B,45.830678199596655,6.159745588858762,87.44522591320484,Fruits,1
SHP_1846,Farm C,29.904226175913593,0.42189547199725874,70.39888916451999,Seafood,1
SHP_1847,Warehouse A,12.043299729995194,4.880507655335913,87.59126673999017,Fruits,0
SHP_1848,Farm C,18.25395052789915,2.5488969438275175,55.952504257934024,Dairy,0
SHP_1849,Distribution Node 1,28.518888181669492,9.239431366548105,83.81747684552548,Fruits,1
